ID,Predict,0_Score,1_Score,2_Score,3_Score,Sentiment,Sentiment_Score
Ses01F_script01_3_F000,2,0.07217827439308167,0.13131096959114075,0.7151495218276978,0.08136118948459625,positive,0.6645604968070984
Ses01F_script01_3_F001,2,0.03519859164953232,0.10579124093055725,0.8406489491462708,0.018361303955316544,negative,0.8214059472084045
Ses01F_script01_3_F002,3,0.00812295638024807,0.20065359771251678,0.04195611923933029,0.7492673397064209,positive,0.9633580446243286
Ses01F_script01_3_F003,3,0.006266601383686066,0.13815121352672577,0.12517394125461578,0.730408251285553,negative,0.5302242636680603
Ses01F_script01_3_F004,1,0.020807232707738876,0.5245407223701477,0.14498190581798553,0.30967020988464355,neutral,0.6720410585403442
Ses01F_script01_3_F005,2,0.00819388497620821,0.2828306555747986,0.4317654073238373,0.2772100269794464,neutral,0.8117338418960571
Ses01F_script01_3_F006,3,0.006629118230193853,0.07414660602807999,0.03802919760346413,0.881195068359375,neutral,0.5098887085914612
Ses01F_script01_3_F007,3,0.007414200808852911,0.19433948397636414,0.20384401082992554,0.5944022536277771,neutral,0.688062846660614
Ses01F_script01_3_F008,1,0.011829168535768986,0.8366490602493286,0.12226234376430511,0.029259497299790382,neutral,0.7958836555480957
Ses01F_script01_3_F009,2,0.005151404533535242,0.20149299502372742,0.6161139011383057,0.17724163830280304,neutral,0.7846764326095581
Ses01F_script01_3_F010,2,0.03325560688972473,0.34209129214286804,0.4638172388076782,0.16083578765392303,positive,0.4012986123561859
Ses01F_script01_3_F011,1,0.008512306027114391,0.9387114644050598,0.04067061468958855,0.012105587869882584,neutral,0.5783002972602844
Ses01F_script01_3_F012,1,0.009428686462342739,0.9553659558296204,0.02321864664554596,0.01198666449636221,neutral,0.8169856667518616
Ses01F_script01_3_F013,1,0.008104922249913216,0.9357532858848572,0.04861397296190262,0.007527888752520084,neutral,0.5215316414833069
Ses01F_script01_3_F014,3,0.02462032437324524,0.18631835281848907,0.16199913620948792,0.627062201499939,neutral,0.6157345771789551
Ses01F_script01_3_F015,3,0.015496131964027882,0.09897913038730621,0.04525453597307205,0.8402701616287231,neutral,0.6649140119552612
Ses01F_script01_3_F016,2,0.011497466824948788,0.29573923349380493,0.5195764899253845,0.173186793923378,neutral,0.8773894309997559
Ses01F_script01_3_F017,1,0.008359338156878948,0.8463209271430969,0.13820506632328033,0.007114648353308439,neutral,0.6507666110992432
Ses01F_script01_3_F019,0,0.9638691544532776,0.0187203511595726,0.012744743376970291,0.004665805026888847,neutral,0.7272719740867615
Ses01F_script01_3_F020,1,0.018812179565429688,0.9268989562988281,0.048537448048591614,0.005751375108957291,negative,0.934516191482544
Ses01F_script01_3_F021,1,0.006716785486787558,0.947091281414032,0.03407636657357216,0.012115594930946827,neutral,0.7503076195716858
Ses01F_script01_3_F022,3,0.014009741134941578,0.409926176071167,0.10166500508785248,0.47439906001091003,negative,0.6790156364440918
Ses01F_script01_3_F028,3,0.005290356930345297,0.06189051643013954,0.041306622326374054,0.8915124535560608,neutral,0.82427978515625
Ses01F_script01_3_F029,2,0.009374641813337803,0.24754859507083893,0.5816322565078735,0.16144448518753052,neutral,0.7003732323646545
Ses01F_script01_3_F030,3,0.0056039923802018166,0.09009648859500885,0.05439308285713196,0.8499064445495605,neutral,0.6607442498207092
Ses01F_script01_3_F031,3,0.005767681170254946,0.07034438103437424,0.11700500547885895,0.806882917881012,neutral,0.6242275238037109
Ses01F_script01_3_F035,2,0.007364294491708279,0.4615308344364166,0.5138719081878662,0.01723308302462101,neutral,0.5915446281433105
Ses01F_script03_2_F000,1,0.0063340929336845875,0.9437087178230286,0.03536415845155716,0.014592976309359074,negative,0.7464839816093445
Ses01F_script03_2_F001,1,0.007751386612653732,0.928568422794342,0.056699056178331375,0.006981275975704193,neutral,0.48851877450942993
Ses01F_script03_2_F002,1,0.012284860946238041,0.9201071858406067,0.06193939968943596,0.005668566562235355,neutral,0.7695347666740417
Ses01F_script03_2_F004,1,0.14258256554603577,0.7063843011856079,0.14481927454471588,0.006213917396962643,negative,0.7410014271736145
Ses01F_script03_2_F005,2,0.03934286907315254,0.07135844975709915,0.8817886710166931,0.007509981282055378,neutral,0.7277352809906006
Ses01F_script03_2_F013,0,0.7440404891967773,0.06631656736135483,0.1774052381515503,0.012237719260156155,negative,0.6267275214195251
Ses01F_script03_2_F014,0,0.9705764651298523,0.012410629540681839,0.011810606345534325,0.005202270112931728,neutral,0.5331664085388184
Ses01F_script03_2_F015,3,0.12707901000976562,0.21385052800178528,0.24135944247245789,0.4177110195159912,neutral,0.4962867498397827
Ses01F_script03_2_F016,1,0.00963645800948143,0.9459535479545593,0.03743158280849457,0.0069784433580935,neutral,0.7483966946601868
Ses01F_script03_2_F017,2,0.14342015981674194,0.07808615267276764,0.769755482673645,0.00873819924890995,neutral,0.6049959659576416
Ses01F_script03_2_F018,2,0.13304287195205688,0.3060154318809509,0.535058856010437,0.025882745161652565,neutral,0.45685356855392456
Ses01F_script03_2_F021,0,0.9759175777435303,0.009148071520030499,0.008651952259242535,0.006282378453761339,negative,0.7693414092063904
Ses01F_script03_2_F022,0,0.9729546904563904,0.01068174559623003,0.010719448328018188,0.005644024349749088,neutral,0.6177000999450684
Ses01F_script03_2_F023,0,0.9744020700454712,0.00870931800454855,0.010217392817139626,0.006671277806162834,neutral,0.6888457536697388
Ses01F_script03_2_F024,0,0.9662204384803772,0.014104350470006466,0.013816756196320057,0.0058585479855537415,negative,0.8917761445045471
Ses01F_script03_2_F025,0,0.9637181758880615,0.009253859519958496,0.018586015328764915,0.008442007005214691,negative,0.7267866134643555
Ses01F_script03_2_F026,2,0.29142218828201294,0.05505100637674332,0.6372485756874084,0.016278225928544998,negative,0.48708945512771606
Ses01F_script03_2_F027,2,0.068662129342556,0.31446903944015503,0.6088072657585144,0.00806155614554882,neutral,0.8422255516052246
Ses01F_script03_2_F028,0,0.971818745136261,0.013513948768377304,0.008992118760943413,0.005675113294273615,negative,0.7820020318031311
Ses01F_script03_2_F029,0,0.474250853061676,0.4433492124080658,0.07720232009887695,0.0051976353861391544,negative,0.8435542583465576
Ses01F_script03_2_F030,2,0.015389257110655308,0.10670918971300125,0.8695266842842102,0.008374877274036407,neutral,0.6720070838928223
Ses01F_script03_2_F031,0,0.33370643854141235,0.03475173935294151,0.31135293841362,0.32018882036209106,neutral,0.733855664730072
Ses01F_script03_2_F032,1,0.04476744681596756,0.9233756065368652,0.024629125371575356,0.007227778434753418,neutral,0.8745207190513611
Ses01F_script03_2_F034,2,0.22270844876766205,0.0594901442527771,0.6840189099311829,0.03378254920244217,negative,0.7067561149597168
Ses01F_script03_2_F035,0,0.6124579310417175,0.029181554913520813,0.3283938467502594,0.02996666729450226,negative,0.8123797178268433
Ses01F_script03_2_F036,0,0.9748364686965942,0.01063899602741003,0.00898012612015009,0.00554451672360301,negative,0.9559863209724426
Ses01F_script03_2_F037,0,0.9729959964752197,0.0128843504935503,0.00868882518261671,0.005430893506854773,negative,0.8611699342727661
Ses01F_script03_2_F038,2,0.23144400119781494,0.12312572449445724,0.6111688017845154,0.03426152840256691,neutral,0.5530720353126526
Ses01F_script03_2_F039,1,0.007170466706156731,0.8192851543426514,0.11231499165296555,0.061229411512613297,neutral,0.7135213613510132
Ses01F_script03_2_F040,0,0.9659624099731445,0.017161251977086067,0.011185201816260815,0.005691188387572765,negative,0.9531140327453613
Ses01F_script02_2_F000,2,0.012009866535663605,0.2647557854652405,0.6013067960739136,0.12192756682634354,neutral,0.5396366119384766
Ses01F_script02_2_F001,2,0.04926096647977829,0.2081194669008255,0.7373326420783997,0.005286920350044966,neutral,0.7182410955429077
Ses01F_script02_2_F006,0,0.9595345258712769,0.024660615250468254,0.011247076094150543,0.004557823296636343,negative,0.9376978278160095
Ses01F_script02_2_F008,0,0.9744789600372314,0.010616504587233067,0.008959406055510044,0.005945189855992794,negative,0.752021849155426
Ses01F_script02_2_F009,0,0.9744540452957153,0.010449765250086784,0.009642068296670914,0.0054540797136723995,negative,0.7172409892082214
Ses01F_script02_2_F010,0,0.9722188711166382,0.013573003001511097,0.008481666445732117,0.005726531147956848,neutral,0.7902772426605225
Ses01F_script02_2_F015,0,0.3849482834339142,0.1443074643611908,0.29779917001724243,0.17294512689113617,negative,0.7749085426330566
Ses01F_script02_2_F016,0,0.9755426049232483,0.00935323815792799,0.00874670036137104,0.0063574123196303844,negative,0.7917854189872742
Ses01F_script02_2_F017,3,0.019375331699848175,0.1506349742412567,0.12065671384334564,0.7093330025672913,neutral,0.9165254235267639
Ses01F_script02_2_F019,3,0.006180088501423597,0.09310303628444672,0.04327324777841568,0.8574436902999878,positive,0.9575818777084351
Ses01F_script02_2_F022,3,0.005052282474935055,0.04281947389245033,0.03934691473841667,0.912781298160553,negative,0.716160774230957
Ses01F_script02_2_F023,3,0.005937743000686169,0.10968324542045593,0.09150730073451996,0.7928717136383057,neutral,0.5404103398323059
Ses01F_script02_2_F026,3,0.006669852416962385,0.0971759706735611,0.08321462571620941,0.8129395842552185,neutral,0.4534934163093567
Ses01F_script02_2_F034,3,0.005329199600964785,0.08500585705041885,0.06948032230138779,0.8401845693588257,neutral,0.7130575180053711
Ses01F_script02_2_F035,3,0.005773401353508234,0.040533989667892456,0.056408122181892395,0.8972845077514648,neutral,0.4770177900791168
Ses01F_script02_2_F036,3,0.0063187070190906525,0.23838084936141968,0.25675758719444275,0.4985428750514984,neutral,0.7202200889587402
Ses01F_script02_2_F040,3,0.0074285417795181274,0.08639554679393768,0.05745575204491615,0.8487201929092407,negative,0.7087637782096863
Ses01F_script02_2_F041,3,0.007873413152992725,0.2808893322944641,0.2968428432941437,0.414394348859787,neutral,0.7012129426002502
Ses01F_script02_2_F042,3,0.006739967502653599,0.21657556295394897,0.09747880697250366,0.6792056560516357,neutral,0.8690667152404785
Ses01F_script02_2_F043,1,0.007459553889930248,0.93943852186203,0.04501418024301529,0.00808773748576641,positive,0.8779728412628174
Ses01F_script02_2_F044,3,0.013571536168456078,0.21962188184261322,0.14001572132110596,0.6267908811569214,neutral,0.6646307706832886
Ses01F_script02_2_F045,3,0.005274961702525616,0.07588972896337509,0.05412888526916504,0.8647064566612244,neutral,0.7546468377113342
Ses01F_script02_2_F046,3,0.006412423215806484,0.08567172288894653,0.05923810973763466,0.8486776947975159,negative,0.645738959312439
Ses01F_script02_2_F047,3,0.006199036259204149,0.10626689344644547,0.07011128962039948,0.8174227476119995,neutral,0.48594599962234497
Ses01M_impro04_F000,3,0.00855708122253418,0.09577078372240067,0.17703072726726532,0.718641459941864,neutral,0.7930004000663757
Ses01M_impro04_F002,2,0.010618981905281544,0.20720763504505157,0.7514218688011169,0.030751477926969528,neutral,0.7963476777076721
Ses01M_impro04_F003,3,0.00988390389829874,0.20293787121772766,0.360752135515213,0.42642614245414734,neutral,0.8259172439575195
Ses01M_impro04_F004,2,0.010115713812410831,0.19045187532901764,0.5153865218162537,0.28404590487480164,neutral,0.7235285043716431
Ses01M_impro04_F005,2,0.011904677376151085,0.1005692109465599,0.8784877061843872,0.009038399904966354,neutral,0.48914775252342224
Ses01M_impro04_F006,2,0.006202082149684429,0.1390100121498108,0.7803102135658264,0.07447768747806549,negative,0.656288206577301
Ses01M_impro04_F007,2,0.008829052560031414,0.15384860336780548,0.8246158957481384,0.01270652562379837,neutral,0.5197522640228271
Ses01M_impro04_F008,3,0.01030474528670311,0.27482375502586365,0.34784460067749023,0.3670268952846527,neutral,0.6588112115859985
Ses01M_impro04_F009,2,0.009599235840141773,0.11684753000736237,0.8625980019569397,0.0109551465138793,neutral,0.7432663440704346
Ses01M_impro04_F010,2,0.007121991366147995,0.2049671858549118,0.6917728781700134,0.0961378812789917,neutral,0.6102777719497681
Ses01M_impro04_F011,2,0.013519865460693836,0.053308263421058655,0.9094024896621704,0.023769423365592957,negative,0.561917781829834
Ses01M_impro04_F012,2,0.012794035486876965,0.10838035494089127,0.8528475165367126,0.025978151708841324,neutral,0.5660138130187988
Ses01M_impro04_F013,2,0.040816355496644974,0.044039372354745865,0.8885489106178284,0.02659529633820057,neutral,0.7865392565727234
Ses01M_impro04_F014,3,0.028747770935297012,0.085068479180336,0.13555632531642914,0.7506273984909058,neutral,0.7447680830955505
Ses01M_impro04_F015,2,0.0861019492149353,0.04550012946128845,0.8398867249488831,0.02851122058928013,neutral,0.610109806060791
Ses01M_impro04_F016,2,0.012789235450327396,0.19226698577404022,0.7871994376182556,0.007744386792182922,neutral,0.5234014987945557
Ses01M_impro04_F017,2,0.027454430237412453,0.18627363443374634,0.5046693682670593,0.28160253167152405,neutral,0.7587978839874268
Ses01M_impro04_F018,2,0.02645113319158554,0.08189927786588669,0.8778083920478821,0.013841218315064907,negative,0.8941602110862732
Ses01M_impro04_F019,2,0.022517066448926926,0.06276151537895203,0.9021753072738647,0.012546073645353317,neutral,0.5876020193099976
Ses01M_impro04_F020,2,0.008695551194250584,0.14900244772434235,0.8077065944671631,0.03459544479846954,positive,0.5317583680152893
Ses01M_impro04_F021,2,0.028421305119991302,0.06708021461963654,0.7978504300117493,0.10664807260036469,negative,0.5561232566833496
Ses01M_impro04_F022,2,0.015847045928239822,0.06141495332121849,0.8986319303512573,0.024106109514832497,neutral,0.6042576432228088
Ses01M_impro04_F023,3,0.012299447320401669,0.15736542642116547,0.05264100432395935,0.7776941657066345,positive,0.4012986123561859
Ses01M_impro04_F025,2,0.01074492372572422,0.08922651410102844,0.8886629939079285,0.011365500278770924,neutral,0.8446892499923706
Ses01M_impro03_F002,1,0.006627046037465334,0.8702220320701599,0.11337296664714813,0.009777998551726341,neutral,0.5402497053146362
Ses01M_impro03_F003,2,0.04760788753628731,0.1306910216808319,0.8152730464935303,0.006428054068237543,neutral,0.5230509042739868
Ses01M_impro03_F004,1,0.010184304788708687,0.9490367770195007,0.033652741461992264,0.007126180920749903,neutral,0.7944839000701904
Ses01M_impro03_F005,0,0.9687304496765137,0.01625424064695835,0.009681028313934803,0.005334214773029089,positive,0.9388876557350159
Ses01M_impro03_F006,0,0.459784597158432,0.4328765273094177,0.10159424692392349,0.005744622088968754,neutral,0.7947465181350708
Ses01M_impro03_F007,0,0.6070835590362549,0.31171637773513794,0.07324833422899246,0.007951634004712105,neutral,0.5925719141960144
Ses01M_impro03_F008,1,0.014108577743172646,0.9433954358100891,0.03624585270881653,0.006250033620744944,neutral,0.8824442028999329
Ses01M_impro03_F009,1,0.01616630330681801,0.8281241655349731,0.15027762949466705,0.005431850906461477,neutral,0.7997758388519287
Ses01M_impro03_F010,0,0.7987685203552246,0.1690208464860916,0.02630884386599064,0.005901815369725227,neutral,0.5629008412361145
Ses01M_impro03_F011,0,0.6073517203330994,0.3429289758205414,0.041034359484910965,0.008684868924319744,neutral,0.6937758922576904
Ses01M_impro03_F012,2,0.24963459372520447,0.11931699514389038,0.6231111288070679,0.007937225513160229,neutral,0.6510736346244812
Ses01M_impro03_F013,0,0.8852934837341309,0.08885441720485687,0.021115826442837715,0.004736271221190691,neutral,0.7652766704559326
Ses01M_impro03_F014,1,0.010638346895575523,0.9446460604667664,0.034052032977342606,0.010663536377251148,neutral,0.5653340220451355
Ses01M_impro03_F015,1,0.0181412436068058,0.9482606053352356,0.026712847873568535,0.0068853143602609634,neutral,0.8605566620826721
Ses01M_impro03_F016,1,0.005734418518841267,0.8865757584571838,0.08163785189390182,0.02605190873146057,neutral,0.7270700931549072
Ses01M_impro03_F017,3,0.013079864904284477,0.17323096096515656,0.3943878710269928,0.419301301240921,neutral,0.7121886014938354
Ses01M_impro03_F018,2,0.013192116282880306,0.12294866144657135,0.8516423106193542,0.012216850183904171,neutral,0.5581970810890198
Ses01M_impro03_F019,1,0.01392171811312437,0.916441798210144,0.06393744796514511,0.0056990678422153,neutral,0.7149892449378967
Ses01M_impro03_F020,2,0.007692995015531778,0.20921160280704498,0.7712903618812561,0.011805029585957527,neutral,0.810100793838501
Ses01M_impro03_F021,1,0.0074483491480350494,0.890754759311676,0.09489045292139053,0.006906482391059399,positive,0.8983628749847412
Ses01M_impro03_F022,1,0.013127530924975872,0.9474641680717468,0.0305683184415102,0.00884003285318613,positive,0.9529878497123718
Ses01M_impro03_F023,1,0.16235020756721497,0.8035759329795837,0.024875063449144363,0.009198802523314953,neutral,0.5431931018829346
Ses01M_impro03_F024,1,0.00804037507623434,0.8155785799026489,0.16686536371707916,0.009515644051134586,positive,0.7771849632263184
Ses01M_impro03_F025,1,0.007105859462171793,0.8722312450408936,0.11000355333089828,0.010659286752343178,positive,0.9287179708480835
Ses01M_impro03_F026,1,0.010453279130160809,0.925377368927002,0.057854603976011276,0.0063146729953587055,positive,0.8050211668014526
Ses01F_impro02_F000,3,0.006805427372455597,0.15796200931072235,0.14891774952411652,0.6863148212432861,neutral,0.9049680829048157
Ses01F_impro02_F001,3,0.006436345167458057,0.14224722981452942,0.21770469844341278,0.633611798286438,neutral,0.5581970810890198
Ses01F_impro02_F002,3,0.008120172657072544,0.14880205690860748,0.10081508755683899,0.7422626614570618,neutral,0.7257243990898132
Ses01F_impro02_F003,1,0.011421329341828823,0.3561673164367676,0.3442140817642212,0.28819727897644043,neutral,0.7403045296669006
Ses01F_impro02_F004,3,0.009960014373064041,0.2745090126991272,0.2623125910758972,0.45321837067604065,neutral,0.6739517450332642
Ses01F_impro02_F005,3,0.0049012224189937115,0.06450548022985458,0.05083412677049637,0.8797592520713806,neutral,0.5650286078453064
Ses01F_impro02_F006,1,0.030722400173544884,0.3909101188182831,0.2989239990711212,0.27944353222846985,neutral,0.8521968126296997
Ses01F_impro02_F008,3,0.006660508457571268,0.07413196563720703,0.0292002335190773,0.8900073170661926,neutral,0.6028157472610474
Ses01F_impro02_F010,3,0.007801706437021494,0.09903629869222641,0.05271836742758751,0.8404436111450195,neutral,0.8100014925003052
Ses01F_impro02_F012,3,0.01672334037721157,0.21559016406536102,0.16003549098968506,0.6076510548591614,neutral,0.7283505201339722
Ses01F_impro02_F013,2,0.07816530764102936,0.18315963447093964,0.41181376576423645,0.3268612325191498,positive,0.5542946457862854
Ses01F_impro02_F014,3,0.007172921672463417,0.15540938079357147,0.044751640409231186,0.7926661372184753,neutral,0.7911210060119629
Ses01F_impro02_F015,2,0.011277259327471256,0.14062492549419403,0.8146328330039978,0.03346506506204605,neutral,0.7935739755630493
Ses01F_impro02_F016,3,0.00972194503992796,0.31372368335723877,0.2871668040752411,0.3893875479698181,neutral,0.715084433555603
Ses01F_impro02_F017,1,0.007280359510332346,0.9150586724281311,0.0568845272064209,0.020776428282260895,neutral,0.7482206225395203
Ses01F_impro02_F018,3,0.016664134338498116,0.3102595806121826,0.274890661239624,0.3981856405735016,neutral,0.8433974385261536
Ses01F_impro02_F019,3,0.011175507679581642,0.1965632289648056,0.28038740158081055,0.5118739008903503,neutral,0.7020787596702576
Ses01F_impro02_F020,3,0.010622439906001091,0.2235538214445114,0.21166831254959106,0.5541554689407349,positive,0.7552570104598999
Ses01M_script01_2_F000,2,0.33085936307907104,0.045867595821619034,0.6094689965248108,0.01380407065153122,negative,0.6950226426124573
Ses01M_script01_2_F001,3,0.013841901905834675,0.1100781112909317,0.07871151715517044,0.7973684668540955,neutral,0.6708233952522278
Ses01M_script01_2_F004,0,0.9755098223686218,0.009189051575958729,0.009296034462749958,0.006004988681524992,neutral,0.8117218017578125
Ses01M_script01_2_F005,0,0.9756032228469849,0.009739266708493233,0.008196323178708553,0.0064611900597810745,negative,0.55426424741745
Ses01M_script01_2_F009,0,0.9735599160194397,0.01195643562823534,0.008094029501080513,0.006389485206454992,neutral,0.6563917994499207
Ses01M_script01_2_F011,0,0.9752689599990845,0.009915231727063656,0.008969632908701897,0.005846216809004545,negative,0.5276917219161987
Ses01M_script01_2_F012,0,0.974443256855011,0.009118063375353813,0.008846024982631207,0.0075926342979073524,neutral,0.60157710313797
Ses01M_script01_2_F013,0,0.9753456115722656,0.009391559287905693,0.009275989606976509,0.005986795760691166,neutral,0.5121254324913025
Ses01F_impro05_F008,0,0.8666069507598877,0.03466743603348732,0.09387093037366867,0.004854604136198759,neutral,0.7572281956672668
Ses01F_impro05_F009,2,0.220022052526474,0.17425215244293213,0.5959522724151611,0.00977352261543274,neutral,0.7593193054199219
Ses01F_impro05_F011,0,0.6137884259223938,0.3473435342311859,0.03376937657594681,0.005098755471408367,neutral,0.5236101746559143
Ses01F_impro05_F012,2,0.020538238808512688,0.46401700377464294,0.5095604658126831,0.005884266458451748,neutral,0.8861204385757446
Ses01F_impro05_F014,0,0.9643685221672058,0.01775207184255123,0.011613001115620136,0.006266450043767691,negative,0.6104519367218018
Ses01F_impro05_F015,0,0.975346028804779,0.009093972854316235,0.00955144315958023,0.00600852258503437,negative,0.8304142951965332
Ses01F_impro05_F016,0,0.9751665592193604,0.00957533810287714,0.009162978269159794,0.006095133721828461,neutral,0.8343942761421204
Ses01F_impro05_F017,0,0.9751763343811035,0.00987006351351738,0.008810915984213352,0.00614261906594038,negative,0.8932815790176392
Ses01F_impro05_F018,0,0.973831295967102,0.00988591555505991,0.010400205850601196,0.005882457830011845,neutral,0.7191504836082458
Ses01F_impro05_F019,0,0.9751876592636108,0.009048509411513805,0.009733209386467934,0.00603052182123065,neutral,0.6736127734184265
Ses01F_impro05_F020,1,0.015628289431333542,0.9456045031547546,0.032679442316293716,0.006087691057473421,positive,0.5285347700119019
Ses01F_impro05_F021,0,0.9666537642478943,0.01557642500847578,0.012938265688717365,0.004831528291106224,negative,0.8059170842170715
Ses01F_impro05_F022,0,0.8608178496360779,0.09139109402894974,0.0434713140130043,0.004319651518017054,neutral,0.8951865434646606
Ses01F_impro05_F023,0,0.9683955311775208,0.013482576236128807,0.013242419809103012,0.004879471845924854,neutral,0.7972736358642578
Ses01F_impro05_F024,1,0.016619335860013962,0.9490137696266174,0.028178304433822632,0.006188627332448959,neutral,0.7096797823905945
Ses01F_impro05_F025,0,0.9755480289459229,0.009164289571344852,0.00915879849344492,0.006128874607384205,neutral,0.5610413551330566
Ses01F_impro05_F026,2,0.1435871422290802,0.20916788280010223,0.6421630382537842,0.005081940907984972,neutral,0.8247557282447815
Ses01F_impro05_F028,2,0.0553990975022316,0.07342670857906342,0.8636694550514221,0.007504749111831188,neutral,0.7559244632720947
Ses01F_impro05_F029,2,0.3440956175327301,0.035844702273607254,0.5949265956878662,0.025133041664958,negative,0.5758450031280518
Ses01F_impro05_F030,0,0.8242056965827942,0.02322620339691639,0.142619326710701,0.009948807768523693,neutral,0.8565100431442261
Ses01F_script01_2_F003,0,0.9565572142601013,0.012142988853156567,0.025125490501523018,0.006174292415380478,neutral,0.7365425825119019
Ses01F_script01_2_F004,2,0.018548909574747086,0.14048917591571808,0.8342363834381104,0.006725535728037357,neutral,0.4889776408672333
Ses01F_script01_2_F005,0,0.9754737615585327,0.009480387903749943,0.009053637273609638,0.00599214993417263,neutral,0.8117218017578125
Ses01F_script01_2_F006,0,0.9749773740768433,0.010091847740113735,0.009192653931677341,0.005738052073866129,negative,0.6235654354095459
Ses01F_script01_2_F007,0,0.9752800464630127,0.00985792838037014,0.00906318612396717,0.005798768252134323,negative,0.5478399395942688
Ses01F_script01_2_F008,0,0.9757189154624939,0.009791716001927853,0.008227302692830563,0.006261999253183603,positive,0.8494306802749634
Ses01F_script01_2_F009,0,0.893685519695282,0.02146892622113228,0.0723159909248352,0.012529504485428333,negative,0.48432695865631104
Ses01F_script01_2_F010,0,0.9759055376052856,0.008845103904604912,0.008886733092367649,0.006362552754580975,neutral,0.7587093710899353
Ses01F_script01_2_F011,0,0.9671418070793152,0.015467789955437183,0.011508067138493061,0.005882302299141884,negative,0.816499650478363
Ses01F_script01_2_F012,0,0.9757935404777527,0.009054787456989288,0.009027932770550251,0.00612387852743268,negative,0.8647825717926025
Ses01F_script01_2_F013,0,0.9752883315086365,0.00916324369609356,0.00886953342705965,0.006678960286080837,neutral,0.5880457758903503
Ses01M_script02_2_F000,1,0.010931438766419888,0.7772203683853149,0.2036113291978836,0.008236890658736229,neutral,0.7162488698959351
Ses01M_script02_2_F010,0,0.9756900072097778,0.00923112127929926,0.009027693420648575,0.0060511003248393536,negative,0.9511228799819946
Ses01M_script02_2_F011,0,0.9748080968856812,0.009655032306909561,0.009528416208922863,0.006008470896631479,neutral,0.7860385179519653
Ses01M_script02_2_F013,0,0.9725167751312256,0.0132984584197402,0.009013170376420021,0.005171547643840313,negative,0.8613606691360474
Ses01M_script02_2_F014,0,0.9746423363685608,0.00950498878955841,0.010067115537822247,0.005785567220300436,neutral,0.8056855797767639
Ses01M_script02_2_F015,0,0.9741187691688538,0.009760226123034954,0.010561129078269005,0.005559891927987337,negative,0.8050585389137268
Ses01M_script02_2_F016,0,0.9758940935134888,0.009023306891322136,0.008742252364754677,0.00634027598425746,neutral,0.44042012095451355
Ses01M_script02_2_F019,3,0.008261147886514664,0.12563124299049377,0.13461585342884064,0.7314918041229248,neutral,0.9026119112968445
Ses01M_script02_2_F022,3,0.010031617246568203,0.2590424716472626,0.07581529766321182,0.6551106572151184,positive,0.96604984998703
Ses01M_script02_2_F024,3,0.006094191689044237,0.061535537242889404,0.06342398375272751,0.8689463138580322,negative,0.6896592974662781
Ses01M_script02_2_F025,3,0.00575876422226429,0.10462068766355515,0.10530074685811996,0.7843198180198669,neutral,0.5404103398323059
Ses01M_script02_2_F026,3,0.006372168660163879,0.14289872348308563,0.19247448444366455,0.6582545638084412,neutral,0.5056250095367432
Ses01M_script02_2_F030,0,0.9751458168029785,0.008465525694191456,0.009691131301224232,0.006697522941976786,neutral,0.6589789390563965
Ses01M_script02_2_F031,0,0.9721642732620239,0.01192200742661953,0.010980254970490932,0.004933489486575127,negative,0.8369705677032471
Ses01M_script02_2_F032,0,0.7567988038063049,0.11275218427181244,0.12506118416786194,0.005387767683714628,neutral,0.7536323666572571
Ses01M_script02_2_F033,0,0.6907994747161865,0.032349031418561935,0.24261753261089325,0.03423402085900307,negative,0.8563774228096008
Ses01M_script02_2_F034,3,0.018444349989295006,0.07085945457220078,0.05568402260541916,0.8550121784210205,neutral,0.7137032747268677
Ses01M_script02_2_F035,3,0.005712353624403477,0.07799476385116577,0.028203746303915977,0.8880891799926758,neutral,0.6546903848648071
Ses01M_script02_2_F036,3,0.005994981620460749,0.02502439357340336,0.023464521393179893,0.945516049861908,negative,0.499878853559494
Ses01M_script02_2_F037,3,0.005407854914665222,0.077182337641716,0.07669170945882797,0.8407180905342102,neutral,0.668075680732727
Ses01M_script02_2_F040,3,0.01127485278993845,0.10634155571460724,0.09013166278600693,0.7922518849372864,negative,0.81916344165802
Ses01M_script02_2_F044,2,0.010655134916305542,0.31046396493911743,0.44137781858444214,0.2375030368566513,neutral,0.695868730545044
Ses01M_script02_2_F045,3,0.006307351402938366,0.10428600013256073,0.06431641429662704,0.825090229511261,neutral,0.7755851745605469
Ses01M_script02_2_F046,3,0.006630793213844299,0.26456186175346375,0.23365959525108337,0.4951477646827698,negative,0.5481874942779541
Ses01M_script02_2_F047,2,0.010240928269922733,0.24514421820640564,0.4099710285663605,0.3346438407897949,neutral,0.6697755455970764
Ses01M_script01_3_F000,2,0.00958988443017006,0.19269366562366486,0.6924704313278198,0.10524605959653854,positive,0.8381950855255127
Ses01M_script01_3_F001,2,0.012189317494630814,0.22743313014507294,0.7513160109519958,0.009061519987881184,positive,0.9214871525764465
Ses01M_script01_3_F003,3,0.00526827946305275,0.07561563700437546,0.06749708205461502,0.8516190052032471,negative,0.7796316146850586
Ses01M_script01_3_F004,1,0.011578615754842758,0.47653815150260925,0.20131786167621613,0.31056538224220276,neutral,0.5328595042228699
Ses01M_script01_3_F005,1,0.0057483576238155365,0.5460473895072937,0.29123654961586,0.15696769952774048,neutral,0.7426633238792419
Ses01M_script01_3_F006,3,0.005911052227020264,0.06902419775724411,0.040211621671915054,0.884853184223175,positive,0.7862749099731445
Ses01M_script01_3_F008,3,0.05196236073970795,0.23483750224113464,0.20518982410430908,0.5080102682113647,neutral,0.7843989133834839
Ses01M_script01_3_F012,3,0.01838560774922371,0.08883372694253922,0.046671804040670395,0.8461089134216309,neutral,0.6649140119552612
Ses01M_script01_3_F014,1,0.00649366294965148,0.9148245453834534,0.07028656452894211,0.008395177312195301,neutral,0.6650943756103516
Ses01M_script01_3_F015,1,0.014128358103334904,0.9538625478744507,0.023749444633722305,0.008259669877588749,neutral,0.7798898220062256
Ses01M_script01_3_F016,1,0.01260434277355671,0.8617034554481506,0.11879277974367142,0.006899490486830473,negative,0.9349244832992554
Ses01M_script01_3_F018,3,0.010913635604083538,0.2406385838985443,0.24310457706451416,0.5053431987762451,neutral,0.8076668977737427
Ses01M_script01_3_F019,2,0.01720041036605835,0.1366582065820694,0.8378669023513794,0.008274532854557037,neutral,0.6103017926216125
Ses01M_script01_3_F021,3,0.006743881851434708,0.09077248722314835,0.06913464516401291,0.8333490490913391,neutral,0.6845847368240356
Ses01M_script01_3_F022,3,0.007403030525892973,0.12376286089420319,0.0870702713727951,0.7817637920379639,neutral,0.8471899628639221
Ses01M_script01_3_F023,3,0.008114299736917019,0.08718063682317734,0.053969912230968475,0.8507351875305176,neutral,0.6062703728675842
Ses01M_script01_3_F024,2,0.011496460996568203,0.2362271100282669,0.44319912791252136,0.30907732248306274,neutral,0.7435300350189209
Ses01M_script01_3_F025,3,0.004823934752494097,0.0553014911711216,0.045722607523202896,0.8941519260406494,neutral,0.6739441752433777
Ses01M_script01_3_F026,3,0.009135661646723747,0.11902472376823425,0.0965699777007103,0.775269627571106,neutral,0.8945964574813843
Ses01M_script01_3_F030,2,0.009611709974706173,0.30450639128685,0.6732550859451294,0.012626844458281994,neutral,0.7109829187393188
Ses01F_impro04_F000,2,0.013883007690310478,0.1906880885362625,0.7885602116584778,0.006868783850222826,negative,0.5656279921531677
Ses01F_impro04_F001,2,0.011156417429447174,0.177431121468544,0.8028940558433533,0.008518379181623459,negative,0.5294909477233887
Ses01F_impro04_F005,3,0.028869718313217163,0.27449700236320496,0.32711297273635864,0.3695203363895416,neutral,0.7157332897186279
Ses01F_impro04_F006,2,0.11014265567064285,0.07327710837125778,0.8023279905319214,0.01425225380808115,neutral,0.8219574689865112
Ses01F_impro04_F009,2,0.016842663288116455,0.15534308552742004,0.8204487562179565,0.00736546004191041,neutral,0.46770474314689636
Ses01F_impro04_F013,2,0.35388919711112976,0.10495488345623016,0.5279392004013062,0.013216698542237282,positive,0.6711077690124512
Ses01F_impro04_F014,2,0.01730908267199993,0.12619353830814362,0.8490851521492004,0.007412267383188009,neutral,0.8707300424575806
Ses01F_impro04_F028,2,0.017189795151352882,0.14216382801532745,0.8265664577484131,0.014079959131777287,neutral,0.7324331998825073
Ses01F_impro04_F029,1,0.20063284039497375,0.5465618371963501,0.2473517805337906,0.005453471094369888,neutral,0.8381005525588989
Ses01F_impro04_F030,1,0.40633314847946167,0.5570613145828247,0.02781880646944046,0.008786683902144432,positive,0.4130624234676361
Ses01F_impro04_F031,2,0.07107201218605042,0.20678047835826874,0.7130967378616333,0.009050902910530567,positive,0.6574805378913879
Ses01F_impro04_F032,0,0.5450579524040222,0.03948665410280228,0.39812830090522766,0.01732705533504486,positive,0.5306867361068726
Ses01F_impro04_F033,0,0.875278890132904,0.01850268989801407,0.09265297651290894,0.013565507717430592,negative,0.8746742606163025
Ses01F_impro03_F000,2,0.018060747534036636,0.26668548583984375,0.7092726826667786,0.005981004796922207,neutral,0.5264224410057068
Ses01F_impro03_F001,1,0.006488565821200609,0.919078528881073,0.0659702718257904,0.008462761528789997,neutral,0.8629831671714783
Ses01F_impro03_F002,1,0.009363289922475815,0.9514010548591614,0.030802471563220024,0.008433151058852673,neutral,0.9022572636604309
Ses01F_impro03_F004,1,0.008803671225905418,0.9527280926704407,0.029323190450668335,0.009144994430243969,positive,0.7454411387443542
Ses01F_impro03_F005,1,0.007499948143959045,0.9457755088806152,0.037316951900720596,0.00940755009651184,neutral,0.8462849259376526
Ses01F_impro03_F006,1,0.007159373257309198,0.74700528383255,0.23564203083515167,0.010193412192165852,positive,0.7712055444717407
Ses01F_impro03_F008,1,0.00959705375134945,0.8490340113639832,0.1350872814655304,0.0062815905548632145,neutral,0.7292082905769348
Ses01F_impro03_F009,2,0.24205763638019562,0.19615116715431213,0.5531297922134399,0.008661371655762196,neutral,0.6659680604934692
Ses01F_impro03_F010,1,0.00902612041682005,0.9464834332466125,0.0371088832616806,0.0073815821669995785,neutral,0.7141646146774292
Ses01F_impro03_F012,1,0.22650080919265747,0.6136879920959473,0.14802289009094238,0.011788304895162582,neutral,0.7426759600639343
Ses01F_impro03_F013,1,0.009045259095728397,0.955418050289154,0.02478701062500477,0.010749641805887222,neutral,0.6698094010353088
Ses01F_impro03_F015,1,0.008273241110146046,0.9535402059555054,0.027267221361398697,0.010919278487563133,neutral,0.7906986474990845
Ses01F_impro03_F016,1,0.0065910532139241695,0.4843318462371826,0.48380598425865173,0.02527119778096676,positive,0.5320430397987366
Ses01F_impro03_F017,2,0.021848997101187706,0.07634510844945908,0.8938271403312683,0.007978755049407482,neutral,0.8415206670761108
Ses01F_impro03_F018,2,0.02249445766210556,0.13658176362514496,0.832226037979126,0.008697731420397758,neutral,0.7998615503311157
Ses01F_impro03_F019,2,0.0070645613595843315,0.412439227104187,0.5678099393844604,0.012686310335993767,neutral,0.7298532724380493
Ses01F_impro03_F021,1,0.008917809464037418,0.7975525259971619,0.18637730181217194,0.007152378559112549,neutral,0.7407116889953613
Ses01F_impro03_F022,2,0.020543072372674942,0.24188245832920074,0.7314612865447998,0.006113172974437475,neutral,0.8214508891105652
Ses01F_impro03_F023,2,0.014412052929401398,0.10516922175884247,0.635726809501648,0.2446918934583664,neutral,0.664773166179657
Ses01F_impro03_F024,1,0.010084736160933971,0.6422253847122192,0.3224931061267853,0.0251967441290617,neutral,0.8025874495506287
Ses01F_impro03_F025,1,0.009020817466080189,0.9325454235076904,0.051195863634347916,0.00723778223618865,neutral,0.8831088542938232
Ses01F_impro03_F026,1,0.00753810117021203,0.949509859085083,0.029487501829862595,0.01346453744918108,neutral,0.49904298782348633
Ses01M_impro02_F000,2,0.010055044665932655,0.1495010256767273,0.8251838088035583,0.015260209329426289,neutral,0.8003077507019043
Ses01M_impro02_F009,3,0.007915814407169819,0.11218082904815674,0.06862830370664597,0.8112750053405762,neutral,0.730350136756897
Ses01M_impro02_F010,2,0.013937185518443584,0.1285306215286255,0.8476899862289429,0.009842241182923317,neutral,0.9023147225379944
Ses01M_impro02_F013,2,0.009755266830325127,0.18088512122631073,0.5358976721763611,0.2734619081020355,neutral,0.7639837861061096
Ses01M_impro02_F015,3,0.008250203914940357,0.12962085008621216,0.08867345750331879,0.7734555602073669,neutral,0.7294601202011108
Ses01M_impro02_F017,3,0.009661535732448101,0.196147158741951,0.1700163185596466,0.6241750121116638,neutral,0.5239238142967224
Ses01M_impro02_F019,3,0.005802004598081112,0.12118031829595566,0.14876237511634827,0.724255383014679,neutral,0.526827335357666
Ses01M_impro05_F000,2,0.014227368868887424,0.20504294335842133,0.7730987668037415,0.007630872540175915,neutral,0.7435826063156128
Ses01M_impro05_F001,2,0.008584271185100079,0.3370284140110016,0.6345528960227966,0.019834378734230995,neutral,0.4988262355327606
Ses01M_impro05_F002,2,0.111648790538311,0.06662073731422424,0.8048741817474365,0.016856351867318153,neutral,0.8541706800460815
Ses01M_impro05_F003,2,0.14220136404037476,0.18839015066623688,0.66404128074646,0.005367199890315533,neutral,0.8447604179382324
Ses01M_impro05_F004,2,0.10755644738674164,0.10598594695329666,0.6012201309204102,0.18523745238780975,neutral,0.7601131796836853
Ses01M_impro05_F005,2,0.020696302875876427,0.09952539205551147,0.871914267539978,0.007863982580602169,neutral,0.7464805245399475
Ses01M_impro05_F006,2,0.024630848318338394,0.13882675766944885,0.6859657168388367,0.15057671070098877,neutral,0.8111447095870972
Ses01M_impro05_F007,2,0.2583360970020294,0.06848175078630447,0.6636372804641724,0.009544904343783855,neutral,0.6342390179634094
Ses01M_impro05_F011,1,0.01758839376270771,0.5458511114120483,0.4284151494503021,0.008145312778651714,neutral,0.7148376107215881
Ses01M_impro05_F012,1,0.013464651070535183,0.8539151549339294,0.12771648168563843,0.00490365456789732,neutral,0.9417587518692017
Ses01M_impro05_F013,0,0.5755966305732727,0.023339487612247467,0.3559415638446808,0.04512234032154083,neutral,0.8909296989440918
Ses01M_impro05_F014,2,0.03475214168429375,0.26057320833206177,0.6985941529273987,0.00608055992051959,neutral,0.9286513328552246
Ses01M_impro05_F015,1,0.030517926439642906,0.9275976419448853,0.036166712641716,0.0057176463305950165,negative,0.7510136961936951
Ses01M_impro05_F016,2,0.15966184437274933,0.0404077023267746,0.7703787684440613,0.029551757499575615,negative,0.7813045978546143
Ses01M_impro05_F017,2,0.014929804019629955,0.0985744297504425,0.8772934675216675,0.009202303364872932,negative,0.8208203315734863
Ses01M_impro05_F018,2,0.011721269227564335,0.08125122636556625,0.8953641653060913,0.011663280427455902,neutral,0.8725507855415344
Ses01M_impro05_F019,2,0.1255556046962738,0.12973982095718384,0.715416431427002,0.029288137331604958,negative,0.893041729927063
Ses01M_impro05_F020,2,0.02010631561279297,0.06548398733139038,0.9055556058883667,0.008854164741933346,neutral,0.7531155943870544
Ses01M_impro05_F021,2,0.09470786154270172,0.0694039836525917,0.817138135433197,0.018749987706542015,neutral,0.6052817106246948
Ses01M_impro05_F022,2,0.060978855937719345,0.09872860461473465,0.7880248427391052,0.05226771533489227,neutral,0.5660138130187988
Ses01M_impro05_F023,2,0.02629522606730461,0.15978308022022247,0.8070957064628601,0.006826040800660849,positive,0.4800682067871094
Ses01M_impro05_F024,3,0.023100832477211952,0.22091172635555267,0.14572568237781525,0.6102617383003235,neutral,0.8355920314788818
Ses01M_impro05_F025,2,0.18912816047668457,0.05601497367024422,0.6383846402168274,0.11647222191095352,neutral,0.6126669049263
Ses01M_impro05_F026,2,0.010596890933811665,0.14775484800338745,0.6434500217437744,0.19819830358028412,neutral,0.8841981291770935
Ses01M_impro05_F027,2,0.01960604637861252,0.10315162688493729,0.8698610663414001,0.007381305564194918,neutral,0.6149017810821533
Ses01M_impro05_F028,2,0.011308345012366772,0.2602698504924774,0.7185198068618774,0.009901988320052624,negative,0.8094677329063416
Ses01M_impro05_F029,2,0.09659918397665024,0.05748820677399635,0.793133556842804,0.05277907848358154,negative,0.878037691116333
Ses01M_impro05_F030,2,0.0194915272295475,0.15874850749969482,0.8108882308006287,0.010871775448322296,positive,0.4506506323814392
Ses01M_impro05_F031,2,0.021155185997486115,0.1723521202802658,0.7978243827819824,0.008668308146297932,neutral,0.5171913504600525
Ses01M_impro05_F032,2,0.10938119888305664,0.04390944540500641,0.8229554295539856,0.023753907531499863,neutral,0.8570697903633118
Ses01M_impro05_F033,2,0.028766212984919548,0.17185048758983612,0.7934716939926147,0.005911622662097216,neutral,0.7095956802368164
Ses01M_impro05_F034,2,0.10733415186405182,0.06448590755462646,0.804750382900238,0.023429522290825844,neutral,0.679617702960968
Ses01M_script03_2_F006,2,0.012285327538847923,0.2075534164905548,0.7725688219070435,0.007592432666569948,neutral,0.7277352809906006
Ses01M_script03_2_F010,2,0.0405467189848423,0.11504237353801727,0.8382055759429932,0.006205374840646982,neutral,0.6393929123878479
Ses01M_script03_2_F011,0,0.8063136339187622,0.017315857112407684,0.15760010480880737,0.018770430237054825,negative,0.4867302477359772
Ses01M_script03_2_F015,0,0.9684468507766724,0.012325143441557884,0.014472655951976776,0.004755462985485792,negative,0.6306557059288025
Ses01M_script03_2_F017,2,0.05861498415470123,0.18242624402046204,0.744937539100647,0.014021302573382854,neutral,0.8316242694854736
Ses01M_script03_2_F022,0,0.9504157304763794,0.024197526276111603,0.020610079169273376,0.0047766161151230335,positive,0.540306568145752
Ses01M_script03_2_F023,0,0.9758068919181824,0.00877848919481039,0.008636961691081524,0.006777683738619089,neutral,0.5413102507591248
Ses01M_script03_2_F024,0,0.9742096066474915,0.01001219917088747,0.009944829158484936,0.0058333734050393105,neutral,0.6177000999450684
Ses01M_script03_2_F025,0,0.9736362099647522,0.008758774027228355,0.011074836365878582,0.006530297454446554,negative,0.665446400642395
Ses01M_script03_2_F026,0,0.9737813472747803,0.009119558148086071,0.011385595425963402,0.0057135638780891895,negative,0.8917761445045471
Ses01M_script03_2_F027,0,0.9732270836830139,0.008722880855202675,0.01170599926263094,0.00634409487247467,negative,0.842495858669281
Ses01M_script03_2_F028,0,0.9648374915122986,0.020886320620775223,0.009276804514229298,0.004999373108148575,negative,0.48708945512771606
Ses01M_script03_2_F029,0,0.9736747145652771,0.010142313316464424,0.01064615324139595,0.00553680257871747,neutral,0.8219897747039795
Ses01M_script03_2_F030,0,0.9729007482528687,0.009668797254562378,0.011863546445965767,0.005566884763538837,negative,0.9331153631210327
Ses01M_script03_2_F031,0,0.9425133466720581,0.016991112381219864,0.03529825434088707,0.005197369493544102,neutral,0.7124991416931152
Ses01M_script03_2_F033,0,0.6484642624855042,0.3159281611442566,0.028050480410456657,0.007557165343314409,neutral,0.8585997223854065
Ses01M_script03_2_F034,0,0.950356662273407,0.012733656913042068,0.031327810138463974,0.005581958685070276,neutral,0.7220936417579651
Ses01M_script03_2_F035,0,0.9727927446365356,0.01269447710365057,0.00878601148724556,0.005726694129407406,negative,0.8162978291511536
Ses01M_script03_2_F036,0,0.9695334434509277,0.013362587429583073,0.012282956391572952,0.004820949863642454,neutral,0.6707483530044556
Ses01M_script03_2_F037,0,0.9748374819755554,0.009333073161542416,0.01005131471902132,0.005778221879154444,negative,0.879801869392395
Ses01M_script03_2_F038,0,0.9735027551651001,0.01088368147611618,0.01020086370408535,0.00541266705840826,negative,0.9576849937438965
Ses01M_script03_2_F039,0,0.9561951160430908,0.029759371653199196,0.009285494685173035,0.004759958945214748,negative,0.9599359631538391
Ses01M_script03_2_F040,0,0.9731378555297852,0.012616033665835857,0.008376425132155418,0.005869737826287746,neutral,0.5503539443016052
Ses01M_script03_2_F041,0,0.9707860350608826,0.014480755664408207,0.009414874948561192,0.00531828124076128,neutral,0.42470791935920715
Ses01F_impro07_F000,1,0.01274039689451456,0.9565573334693909,0.02086927369236946,0.009832915849983692,neutral,0.8161042928695679
Ses01F_impro07_F002,1,0.007570493966341019,0.8845602869987488,0.1006426215171814,0.0072265067137777805,positive,0.9057179093360901
Ses01F_impro07_F003,1,0.00979213509708643,0.9549869298934937,0.024950845167040825,0.010270180180668831,neutral,0.7272512316703796
Ses01F_impro07_F004,1,0.007835065014660358,0.7675421833992004,0.21674048900604248,0.007882288657128811,neutral,0.5620783567428589
Ses01F_impro07_F005,0,0.7052120566368103,0.2544771730899811,0.034416839480400085,0.005893941503018141,neutral,0.8411014676094055
Ses01F_impro07_F009,1,0.007601377088576555,0.9320008754730225,0.052893344312906265,0.007504454348236322,neutral,0.7493638396263123
Ses01F_impro07_F010,1,0.011724265292286873,0.9541983008384705,0.02529415488243103,0.008783216588199139,positive,0.5538045167922974
Ses01F_impro07_F012,1,0.011470427736639977,0.9564434885978699,0.022920139133930206,0.009165897965431213,neutral,0.7637765407562256
Ses01F_impro07_F013,1,0.00904770102351904,0.9536253213882446,0.027383657172322273,0.009943264536559582,negative,0.6296922564506531
Ses01F_impro07_F016,1,0.0078025273978710175,0.9495593905448914,0.03239455074071884,0.010243535973131657,negative,0.8276529908180237
Ses01M_impro06_F000,2,0.014148859307169914,0.1310884952545166,0.8436903357505798,0.011072314344346523,neutral,0.7014325857162476
Ses01M_impro06_F001,3,0.006934592500329018,0.14393426477909088,0.1748109757900238,0.6743201613426208,neutral,0.6747662425041199
Ses01M_impro06_F002,3,0.0053671421483159065,0.08689935505390167,0.07732341438531876,0.8304100632667542,neutral,0.7860375046730042
Ses01M_impro06_F003,3,0.0048901354894042015,0.06599044054746628,0.05803335830569267,0.8710861206054688,neutral,0.7037526965141296
Ses01M_impro06_F004,3,0.008618035353720188,0.1324377804994583,0.1021382138133049,0.756805956363678,neutral,0.7571372389793396
Ses01M_impro06_F005,3,0.005355359520763159,0.10719406604766846,0.09601981192827225,0.7914308309555054,neutral,0.4626654088497162
Ses01M_impro06_F006,3,0.006529637612402439,0.11831747740507126,0.166923388838768,0.7082294225692749,neutral,0.6514153480529785
Ses01M_impro06_F007,2,0.007493620738387108,0.1274898499250412,0.8487830758094788,0.01623350940644741,negative,0.5497815608978271
Ses01M_impro06_F008,3,0.006758148781955242,0.19068999588489532,0.2541913688182831,0.5483605265617371,neutral,0.6146069765090942
Ses01M_impro06_F009,2,0.007847031578421593,0.18306823074817657,0.7744817137718201,0.03460298851132393,negative,0.8079444766044617
Ses01M_impro06_F010,2,0.008129662834107876,0.3879167139530182,0.4587544798851013,0.14519917964935303,neutral,0.7982810735702515
Ses01M_impro06_F011,2,0.008441797457635403,0.1069759950041771,0.8693860769271851,0.01519619207829237,neutral,0.6242275238037109
Ses01M_impro06_F012,2,0.009556318633258343,0.17687860131263733,0.8036506175994873,0.009914437308907509,neutral,0.6889429688453674
Ses01M_impro06_F013,3,0.007571597117930651,0.14171704649925232,0.09444534033536911,0.7562659978866577,positive,0.7229783535003662
Ses01M_impro06_F014,2,0.008300959132611752,0.13274087011814117,0.8357922434806824,0.023165881633758545,neutral,0.6212342381477356
Ses01M_impro06_F015,2,0.022810909897089005,0.11744407564401627,0.8480634093284607,0.011681708507239819,neutral,0.5801966786384583
Ses01M_impro06_F016,3,0.006934980861842632,0.1465565711259842,0.144196555018425,0.7023118734359741,neutral,0.5056250095367432
Ses01M_impro06_F017,2,0.007506640162318945,0.30664288997650146,0.6477556228637695,0.038094859570264816,neutral,0.6804113388061523
Ses01M_impro06_F018,3,0.016473989933729172,0.27311044931411743,0.26889389753341675,0.44152161478996277,negative,0.5311695337295532
Ses01M_impro06_F019,3,0.009388993494212627,0.12738735973834991,0.12426870316267014,0.7389549016952515,neutral,0.7786703109741211
Ses01M_impro06_F020,3,0.0188919510692358,0.1836918145418167,0.1900586634874344,0.6073575615882874,positive,0.7874172329902649
Ses01M_impro06_F021,3,0.006490078289061785,0.10549424588680267,0.14674627780914307,0.7412694096565247,neutral,0.5631294250488281
Ses01M_impro06_F022,3,0.004867891315370798,0.04894455894827843,0.06589555740356445,0.8802919983863831,positive,0.4012986123561859
Ses01M_impro06_F023,3,0.008113977499306202,0.19833454489707947,0.39254963397979736,0.40100181102752686,neutral,0.4693252742290497
Ses01M_impro06_F024,3,0.0070897298865020275,0.28645387291908264,0.22866025567054749,0.47779616713523865,neutral,0.9047582149505615
Ses01M_impro06_F025,2,0.006645716726779938,0.13733670115470886,0.8237698078155518,0.032247692346572876,neutral,0.7207754254341125
Ses01M_impro06_F026,1,0.008531277999281883,0.5173075795173645,0.31458580493927,0.15957534313201904,positive,0.8482120037078857
Ses01M_impro06_F027,3,0.0064565762877464294,0.12459176778793335,0.17341302335262299,0.6955386400222778,neutral,0.7203770279884338
Ses01M_impro06_F028,2,0.010414879769086838,0.26157647371292114,0.6687869429588318,0.05922173336148262,negative,0.48282524943351746
Ses01M_impro01_F000,0,0.9706109762191772,0.01541945245116949,0.008495347574353218,0.005474316421896219,neutral,0.5038884282112122
Ses01M_impro01_F001,0,0.9641813039779663,0.014383018016815186,0.01599017158150673,0.00544552830979228,neutral,0.7900105118751526
Ses01M_impro01_F007,0,0.9747011065483093,0.009268201887607574,0.01011914387345314,0.00591162359341979,neutral,0.7903041243553162
Ses01M_impro01_F008,0,0.9664502143859863,0.017349140718579292,0.011576969176530838,0.004623773507773876,neutral,0.6680716872215271
Ses01M_impro01_F011,0,0.9695419669151306,0.011773353442549706,0.012975129298865795,0.005709451623260975,neutral,0.5642451047897339
Ses01M_impro01_F012,0,0.8449711799621582,0.1238601878285408,0.02686496078968048,0.004303616937249899,neutral,0.6659049987792969
Ses01M_impro01_F019,0,0.9741999506950378,0.01139373891055584,0.008352038450539112,0.006054253783077002,neutral,0.7083885073661804
Ses01M_impro01_F020,0,0.9757496118545532,0.00876014493405819,0.009119352325797081,0.006370889022946358,negative,0.7957178354263306
Ses01M_impro01_F021,0,0.9687683582305908,0.014262593351304531,0.011977222748100758,0.004991937894374132,neutral,0.9090324640274048
Ses01M_impro01_F022,0,0.9753605723381042,0.009646971710026264,0.008752823807299137,0.006239586975425482,neutral,0.6294371485710144
Ses01M_impro01_F024,1,0.030482828617095947,0.7398876547813416,0.22525085508823395,0.004378668963909149,negative,0.7487394213676453
Ses01M_impro01_F025,0,0.7344604134559631,0.022713778540492058,0.20861007273197174,0.03421574831008911,negative,0.8253277540206909
Ses01M_script03_1_F003,1,0.006115838885307312,0.7187091708183289,0.2569460868835449,0.01822887547314167,neutral,0.5120130181312561
Ses01M_script03_1_F004,2,0.046718720346689224,0.07583705335855484,0.8629313111305237,0.014512949623167515,neutral,0.6951422095298767
Ses01M_script03_1_F007,1,0.007347228936851025,0.9492781758308411,0.032152850180864334,0.01122180838137865,neutral,0.710358738899231
Ses01M_script03_1_F008,1,0.008195268921554089,0.9343372583389282,0.05056660249829292,0.006900884211063385,neutral,0.7769683003425598
Ses01M_script03_1_F009,1,0.0062049380503594875,0.8947654962539673,0.08922351151704788,0.009806002490222454,neutral,0.8332253694534302
Ses01M_script03_1_F010,1,0.007597501389682293,0.7015168070793152,0.2799665033817291,0.010919163934886456,neutral,0.8033978343009949
Ses01M_script03_1_F011,3,0.005167348776012659,0.06539695709943771,0.13330616056919098,0.7961295247077942,neutral,0.5803768634796143
Ses01M_script03_1_F014,1,0.007326718885451555,0.8550707101821899,0.13030430674552917,0.0072982413694262505,neutral,0.627758800983429
Ses01M_script03_1_F015,1,0.009316832758486271,0.9525322914123535,0.027369199320673943,0.010781608521938324,neutral,0.5030258893966675
Ses01M_script03_1_F017,1,0.008888602256774902,0.5540607571601868,0.4248715937137604,0.012179018929600716,neutral,0.6320146918296814
Ses01M_script03_1_F018,1,0.009794657118618488,0.9522305130958557,0.025837410241365433,0.01213742420077324,negative,0.8952732086181641
Ses01M_script03_1_F019,2,0.06575676053762436,0.0844232589006424,0.8312488794326782,0.018571093678474426,negative,0.7068606615066528
Ses01M_script03_1_F021,0,0.4943787753582001,0.18432125449180603,0.11973457783460617,0.20156536996364594,negative,0.6891692280769348
Ses01M_script03_1_F024,2,0.022344840690493584,0.13496863842010498,0.834071159362793,0.008615458384156227,negative,0.6645368933677673
Ses01M_script03_1_F030,1,0.02112349309027195,0.4017673134803772,0.35689932107925415,0.22020991146564484,neutral,0.8160650134086609
Ses01M_script03_1_F031,1,0.011411810293793678,0.9521054625511169,0.02871645800769329,0.007766197435557842,positive,0.7270601391792297
Ses01M_script03_1_F034,2,0.00889105349779129,0.26102185249328613,0.6915371417999268,0.03855002671480179,negative,0.5595044493675232
Ses01M_script03_1_F036,1,0.009344791062176228,0.9550143480300903,0.026027493178844452,0.009613418020308018,neutral,0.7622175812721252
Ses01M_script03_1_F037,1,0.01383736077696085,0.955996572971344,0.020291483029723167,0.009874574840068817,neutral,0.6479001045227051
Ses01M_script03_1_F038,1,0.009467505849897861,0.9467199444770813,0.03659108653664589,0.00722139235585928,negative,0.872241735458374
Ses01M_script03_1_F039,1,0.008116249926388264,0.9204081296920776,0.06446303427219391,0.007012533955276012,neutral,0.5066007971763611
Ses01M_script03_1_F040,1,0.007142689544707537,0.8856525421142578,0.09942746162414551,0.007777325809001923,neutral,0.5316305756568909
Ses01M_script03_1_F041,1,0.009167088195681572,0.9109565615653992,0.07364914566278458,0.006227211095392704,neutral,0.48851877450942993
Ses01F_script01_1_F005,3,0.006330930627882481,0.11342127621173859,0.0856044739484787,0.7946433424949646,neutral,0.8612039685249329
Ses01F_script01_1_F015,2,0.023763110861182213,0.05724170058965683,0.8939405083656311,0.02505478449165821,neutral,0.8291603922843933
Ses01F_script01_1_F034,3,0.043002866208553314,0.12917791306972504,0.3829279839992523,0.4448912739753723,neutral,0.7179108262062073
Ses01F_script01_1_F035,0,0.9739409685134888,0.009702636860311031,0.010845225304365158,0.005511121824383736,negative,0.8164260387420654
Ses01F_script01_1_F037,0,0.9750619530677795,0.00947608333081007,0.009650645777583122,0.005811354611068964,negative,0.7142500877380371
Ses01F_script01_1_F038,0,0.9511190056800842,0.029972845688462257,0.01492669340223074,0.003981522284448147,positive,0.8713818788528442
Ses01F_script01_1_F041,0,0.9748626351356506,0.009792816825211048,0.008919726125895977,0.006424920167773962,negative,0.7029737830162048
Ses01F_script01_1_F042,0,0.9755066633224487,0.009068716317415237,0.009373288601636887,0.006051304284483194,negative,0.621924877166748
Ses01M_script02_1_F005,0,0.8571316599845886,0.031706567853689194,0.10315810889005661,0.008003583177924156,neutral,0.7067680358886719
Ses01M_script02_1_F007,2,0.008435618132352829,0.1373250037431717,0.8423704504966736,0.011868908070027828,neutral,0.773834764957428
Ses01M_script02_1_F008,3,0.006087846588343382,0.1568271815776825,0.15900343656539917,0.6780815720558167,neutral,0.6394744515419006
Ses01M_script02_1_F009,2,0.009519821964204311,0.21382910013198853,0.5295532941818237,0.24709779024124146,neutral,0.8772948980331421
Ses01M_script02_1_F014,0,0.8252065181732178,0.025746285915374756,0.13672344386577606,0.01232373807579279,neutral,0.781690239906311
Ses01M_script02_1_F017,1,0.055583320558071136,0.9065219759941101,0.028682971373200417,0.009211765602231026,negative,0.6418991684913635
Ses01M_script02_1_F021,0,0.8137895464897156,0.06574659794569016,0.11577273160219193,0.004691101144999266,positive,0.4800682067871094
Ses01M_script02_1_F022,2,0.3123607337474823,0.09680407494306564,0.5730893015861511,0.017745885998010635,negative,0.8152522444725037
Ses01M_script02_1_F023,2,0.03530218079686165,0.14636869728565216,0.8121371865272522,0.006191947963088751,neutral,0.6864697337150574
Ses01F_script02_1_F000,2,0.02010883390903473,0.2080613076686859,0.7649530172348022,0.006876788102090359,neutral,0.48396655917167664
Ses01F_script02_1_F004,2,0.03159380331635475,0.1384294182062149,0.8236939311027527,0.006282803136855364,neutral,0.8447499871253967
Ses01F_script02_1_F006,0,0.9596538543701172,0.010867283679544926,0.023262348026037216,0.006216495763510466,neutral,0.7522088885307312
Ses01F_script02_1_F007,0,0.46645981073379517,0.12927938997745514,0.3973899185657501,0.006870777811855078,neutral,0.6564929485321045
Ses01F_script02_1_F008,2,0.021625975146889687,0.13423185050487518,0.8352642059326172,0.00887798797339201,neutral,0.6852741241455078
Ses01F_script02_1_F009,1,0.015290857292711735,0.6087122559547424,0.33154961466789246,0.04444729536771774,neutral,0.5038622617721558
Ses01F_script02_1_F010,2,0.010122467763721943,0.3378191888332367,0.5279218554496765,0.12413644045591354,neutral,0.5043125152587891
Ses01F_script02_1_F015,2,0.014689024537801743,0.1471649706363678,0.8304263949394226,0.007719621527940035,neutral,0.675006628036499
Ses01F_script02_1_F024,2,0.01720905490219593,0.14218159019947052,0.8326883912086487,0.007920836098492146,neutral,0.870709240436554
Ses01F_script02_1_F025,2,0.0280714500695467,0.07174281775951385,0.8907393217086792,0.009446332231163979,neutral,0.7182410955429077
Ses01M_impro07_F000,1,0.017290597781538963,0.7378818392753601,0.2398824393749237,0.004945176187902689,neutral,0.46770474314689636
Ses01M_impro07_F001,1,0.07752746343612671,0.892128050327301,0.023609986528754234,0.0067344531416893005,neutral,0.6284831166267395
Ses01M_impro07_F003,0,0.966041624546051,0.01751158945262432,0.011146707460284233,0.005300015211105347,neutral,0.5153505206108093
Ses01M_impro07_F004,1,0.06685838103294373,0.899658739566803,0.026095934212207794,0.007386845536530018,neutral,0.7781699299812317
Ses01M_impro07_F005,1,0.02424701675772667,0.9469560980796814,0.020887315273284912,0.00790957547724247,neutral,0.4761848747730255
Ses01M_impro07_F006,1,0.16405363380908966,0.7988793849945068,0.03109222836792469,0.005974791012704372,positive,0.9330011010169983
Ses01M_impro07_F007,1,0.024721644818782806,0.9437758326530457,0.025355294346809387,0.006147169508039951,neutral,0.728685736656189
Ses01M_impro07_F008,2,0.1591833084821701,0.19198337197303772,0.6321225762367249,0.016710713505744934,negative,0.8349307775497437
Ses01M_impro07_F009,1,0.015315135940909386,0.954181969165802,0.02275601588189602,0.007746746763586998,positive,0.9815230965614319
Ses01M_impro07_F010,2,0.021775688976049423,0.10363226383924484,0.8657094836235046,0.008882546797394753,neutral,0.5954251885414124
Ses01M_impro07_F011,1,0.007077980786561966,0.9433079361915588,0.040447160601615906,0.009166893549263477,neutral,0.8293169140815735
Ses01M_impro07_F012,1,0.008318074978888035,0.9380624294281006,0.04641841724514961,0.007201162166893482,neutral,0.7665622234344482
Ses01M_impro07_F013,2,0.014382592402398586,0.39298975467681885,0.5862820148468018,0.0063456883653998375,negative,0.7117047309875488
Ses01M_impro07_F014,1,0.010690124705433846,0.9469797611236572,0.03474034368991852,0.0075897290371358395,negative,0.8759515881538391
Ses01M_impro07_F015,2,0.018082352355122566,0.2842329144477844,0.691257655620575,0.00642704963684082,neutral,0.49184244871139526
Ses01M_impro07_F016,1,0.010383718647062778,0.5441325902938843,0.4365827441215515,0.008900947868824005,neutral,0.6951562166213989
Ses01M_impro07_F018,1,0.20823919773101807,0.4639047086238861,0.32249170541763306,0.005364410113543272,neutral,0.7829073667526245
Ses01M_impro07_F020,1,0.00841504242271185,0.8159095048904419,0.16771239042282104,0.007963023148477077,positive,0.9270877838134766
Ses01M_impro07_F021,1,0.008027609437704086,0.7578312754631042,0.22524642944335938,0.008894791826605797,neutral,0.8836617469787598
Ses01M_impro07_F022,1,0.2439238727092743,0.5754166841506958,0.1737534999847412,0.006905961316078901,neutral,0.8747589588165283
Ses01M_impro07_F023,1,0.008375675417482853,0.828713595867157,0.15603667497634888,0.0068740155547857285,neutral,0.6316193342208862
Ses01M_impro07_F024,2,0.02193426340818405,0.10923793911933899,0.8617673516273499,0.00706044165417552,neutral,0.4889402389526367
Ses01M_impro07_F025,1,0.11948969215154648,0.43872788548469543,0.43650195002555847,0.00528041273355484,positive,0.8298256397247314
Ses01M_impro07_F026,0,0.9012053608894348,0.07748961448669434,0.015978489071130753,0.00532646244391799,neutral,0.6576449275016785
Ses01M_impro07_F027,1,0.017697248607873917,0.9331451058387756,0.04342540353536606,0.005732288584113121,positive,0.9115149974822998
Ses01M_impro07_F033,1,0.009374333545565605,0.5179283022880554,0.46422308683395386,0.008474324829876423,neutral,0.6730472445487976
Ses01M_impro07_F034,1,0.007919193245470524,0.9510058760643005,0.02999672293663025,0.01107827015221119,neutral,0.6757950186729431
Ses01M_script01_1_F004,3,0.007106105796992779,0.10239174216985703,0.10977992415428162,0.7807222008705139,neutral,0.8241271376609802
Ses01M_script01_1_F005,2,0.008183818310499191,0.21582186222076416,0.5643214583396912,0.21167291700839996,neutral,0.6297131180763245
Ses01M_script01_1_F006,3,0.005523366387933493,0.0851583406329155,0.05165001377463341,0.8576682806015015,positive,0.4012986123561859
Ses01M_script01_1_F008,2,0.10430867969989777,0.13228099048137665,0.42319467663764954,0.34021568298339844,neutral,0.8279236555099487
Ses01M_script01_1_F011,0,0.44327616691589355,0.11759889870882034,0.3673495054244995,0.07177545130252838,negative,0.5535410642623901
Ses01M_script01_1_F014,0,0.9660384058952332,0.010065789334475994,0.01775544323027134,0.006140390411019325,neutral,0.86732017993927
Ses01M_script01_1_F015,0,0.8894295692443848,0.035702481865882874,0.06692435592412949,0.007943551987409592,neutral,0.6402332782745361
Ses01M_script01_1_F016,0,0.9295637011528015,0.04115744307637215,0.02212289348244667,0.007155925501137972,negative,0.9311158657073975
Ses01M_script01_1_F017,2,0.03151358664035797,0.12051957100629807,0.841761589050293,0.006205292418599129,neutral,0.5402497053146362
Ses01M_script01_1_F020,0,0.9744423627853394,0.009054680354893208,0.010228969156742096,0.006274072453379631,negative,0.5599322319030762
Ses01M_script01_1_F023,0,0.9746564626693726,0.010711971670389175,0.00857284665107727,0.006058789789676666,negative,0.7633312940597534
Ses01M_script01_1_F024,0,0.975756824016571,0.008743583224713802,0.009129687212407589,0.006369888316839933,negative,0.6183574199676514
Ses01M_script01_1_F025,0,0.5537252426147461,0.030876774340867996,0.3750437796115875,0.040354173630476,positive,0.4827635884284973
Ses01M_script01_1_F026,2,0.16560019552707672,0.044157207012176514,0.7680616974830627,0.022180849686264992,neutral,0.9313144087791443
Ses01M_script01_1_F029,0,0.8472418785095215,0.015163165517151356,0.1017870381474495,0.03580797091126442,negative,0.6169640421867371
Ses01M_script01_1_F030,0,0.975212574005127,0.008686285465955734,0.00992845930159092,0.006172630004584789,negative,0.7048265933990479
Ses01M_script01_1_F031,3,0.03704044595360756,0.06870082020759583,0.03857215493917465,0.855686604976654,neutral,0.5661925673484802
Ses01M_script01_1_F032,0,0.9723372459411621,0.012626878917217255,0.009559000842273235,0.005476934369653463,negative,0.6865359544754028
Ses01M_script01_1_F035,1,0.039012882858514786,0.935280442237854,0.017175612971186638,0.008530992083251476,neutral,0.8005444407463074
Ses01M_script01_1_F036,0,0.9745935201644897,0.011381271295249462,0.008038989268243313,0.005986256990581751,negative,0.7932624220848083
Ses01M_script01_1_F037,0,0.9644848704338074,0.01756707765161991,0.013696331530809402,0.004251662641763687,neutral,0.5326512455940247
Ses01M_script01_1_F039,0,0.9750896096229553,0.009340268559753895,0.00970533024519682,0.005864925216883421,negative,0.6369667053222656
Ses01M_script01_1_F040,0,0.9755017757415771,0.009688837453722954,0.0086345374584198,0.00617480743676424,neutral,0.540264904499054
Ses01M_script01_1_F041,0,0.9747787714004517,0.009564983658492565,0.009977874346077442,0.0056783719919621944,negative,0.49309679865837097
Ses01M_script01_1_F042,0,0.4999232292175293,0.05018461123108864,0.18630452454090118,0.2635875940322876,negative,0.7592709064483643
Ses01M_script01_1_F043,3,0.09986092895269394,0.06513097137212753,0.31116873025894165,0.5238394141197205,neutral,0.7206991910934448
Ses01F_impro06_F002,3,0.004879339132457972,0.09901471436023712,0.11220622062683105,0.78389972448349,neutral,0.5056250095367432
Ses01F_impro06_F003,2,0.006054283119738102,0.20634548366069794,0.6774296760559082,0.11017058789730072,neutral,0.6497834324836731
Ses01F_impro06_F004,3,0.004977353382855654,0.07723657041788101,0.07459791749715805,0.8431881070137024,neutral,0.6987199187278748
Ses01F_impro06_F005,3,0.005281761754304171,0.1780071258544922,0.09459597617387772,0.722115159034729,neutral,0.6216307282447815
Ses01F_impro06_F006,3,0.007125661242753267,0.1762494295835495,0.08490879088640213,0.7317160964012146,neutral,0.8325179219245911
Ses01F_impro06_F007,3,0.00563721964135766,0.3056687116622925,0.1276702880859375,0.5610237717628479,negative,0.6947804689407349
Ses01F_impro06_F008,3,0.006645403802394867,0.18093791604042053,0.23986244201660156,0.5725542306900024,neutral,0.8515608310699463
Ses01F_impro06_F009,1,0.010816756635904312,0.5062875151634216,0.39636343717575073,0.0865323394536972,neutral,0.8192580938339233
Ses01F_impro06_F010,3,0.006064952816814184,0.24304015934467316,0.17307214438915253,0.5778226852416992,neutral,0.731218695640564
Ses01F_impro06_F011,3,0.00671790074557066,0.36783134937286377,0.18561051785945892,0.4398402273654938,neutral,0.6767895817756653
Ses01F_impro06_F012,1,0.015126320533454418,0.6630131602287292,0.23750488460063934,0.0843556672334671,negative,0.9104492664337158
Ses01F_impro06_F013,2,0.005634715314954519,0.22374802827835083,0.6520878672599792,0.11852945387363434,neutral,0.4693252742290497
Ses01F_impro06_F014,2,0.012783796526491642,0.09635461866855621,0.8812944889068604,0.009567081928253174,neutral,0.7547903060913086
Ses01F_impro06_F015,3,0.006616687402129173,0.1651955246925354,0.18797698616981506,0.6402108073234558,neutral,0.6855427622795105
Ses01F_impro06_F016,1,0.008690647780895233,0.5168676376342773,0.22501911222934723,0.2494225800037384,neutral,0.5747305750846863
Ses01F_impro06_F018,1,0.004813584499061108,0.5299659371376038,0.4317395091056824,0.03348095342516899,neutral,0.5595862865447998
Ses01F_impro06_F019,2,0.007104488089680672,0.23734284937381744,0.6757649183273315,0.07978774607181549,neutral,0.6304046511650085
Ses01F_impro06_F020,3,0.0077431537210941315,0.26519662141799927,0.11628060042858124,0.6107795834541321,neutral,0.7072778344154358
Ses01F_impro06_F021,3,0.00694667361676693,0.28781816363334656,0.132134810090065,0.5731003880500793,neutral,0.611691415309906
Ses01F_impro06_F022,2,0.012017927132546902,0.3588925898075104,0.5835829973220825,0.04550652205944061,neutral,0.860744297504425
Ses01F_impro06_F023,3,0.005888175219297409,0.17565475404262543,0.31345459818840027,0.505002498626709,neutral,0.6304046511650085
Ses01F_impro06_F024,3,0.0057623302564024925,0.08958957344293594,0.06319641321897507,0.8414516448974609,negative,0.5528755187988281
Ses01F_impro06_F025,3,0.0056404173374176025,0.27229616045951843,0.08943851292133331,0.6326249241828918,neutral,0.6712228655815125
Ses01F_impro06_F026,3,0.008116527460515499,0.32246652245521545,0.14226830005645752,0.5271486639976501,negative,0.6371656656265259
Ses01F_impro06_F027,3,0.005316753406077623,0.0839240625500679,0.06337002664804459,0.8473891615867615,neutral,0.820461630821228
Ses01F_impro06_F028,3,0.010651026852428913,0.4337264895439148,0.11286187171936035,0.442760705947876,neutral,0.5125409364700317
Ses01F_impro01_F000,2,0.028137067332863808,0.15556330978870392,0.8087713718414307,0.0075281960889697075,neutral,0.7580791711807251
Ses01F_impro01_F001,2,0.04168042168021202,0.2839796841144562,0.6689417958259583,0.005398050416260958,positive,0.4800682067871094
Ses01F_impro01_F002,2,0.022950073704123497,0.07509029656648636,0.8818908929824829,0.020068679004907608,neutral,0.766529381275177
Ses01F_impro01_F005,0,0.7632906436920166,0.07651475816965103,0.15321531891822815,0.006979196798056364,neutral,0.782562792301178
Ses01F_impro01_F012,0,0.9708319306373596,0.012064862996339798,0.010849924758076668,0.0062534078024327755,negative,0.8295152187347412
Ses01F_impro01_F014,0,0.7702475786209106,0.039780568331480026,0.1745484620332718,0.01542337704449892,neutral,0.9043276309967041
Ses01F_script03_1_F005,1,0.008723477832973003,0.9534035325050354,0.027645869180560112,0.010227047838270664,neutral,0.6731338500976562
Ses01F_script03_1_F006,1,0.009614444337785244,0.9206008315086365,0.06374424695968628,0.006040401291102171,neutral,0.6515170931816101
Ses01F_script03_1_F007,2,0.022768260911107063,0.20671160519123077,0.7641203999519348,0.006399704143404961,neutral,0.8009794354438782
Ses01F_script03_1_F010,1,0.0072058034129440784,0.8913089036941528,0.09418206661939621,0.007303293328732252,positive,0.5781950950622559
Ses01F_script03_1_F011,1,0.010159775614738464,0.9555419087409973,0.02490272931754589,0.00939550343900919,negative,0.48091819882392883
Ses01F_script03_1_F012,1,0.008330817334353924,0.9305844902992249,0.054333701729774475,0.006750890985131264,neutral,0.8437893986701965
Ses01F_script03_1_F020,1,0.008066609501838684,0.9503121972084045,0.03239159658551216,0.009229526855051517,neutral,0.8371488451957703
Ses01F_script03_1_F021,1,0.008868525736033916,0.938782274723053,0.04571504145860672,0.006634172517806292,neutral,0.5880013704299927
Ses01F_script03_1_F022,1,0.01651580072939396,0.8298431634902954,0.14772748947143555,0.00591351417824626,negative,0.4633472263813019
Ses01F_script03_1_F024,1,0.010722997598350048,0.9527505040168762,0.028958210721611977,0.0075683449395000935,positive,0.8251579999923706
Ses01F_script03_1_F029,1,0.011517390608787537,0.953027606010437,0.027630027383565903,0.007825019769370556,negative,0.8506830930709839
Ses01F_script03_1_F030,1,0.006116602104157209,0.9186601042747498,0.04989146813750267,0.02533169835805893,positive,0.5659714937210083
